<?xml version="1.0" encoding="UTF-8"?>
<feature
      id="gnu.io.rxtx"
      label="%featureName"
      version="2.1.7.4_v20071016-7B57e7UAXMAAqGAGf"
      provider-name="%providerName"
      plugin="gnu.io.rxtx"
      image="rxtx120.png">

   <description url="http://www.rxtx.org">
      %description
   </description>

   <copyright url="http://www.rxtx.org/credits.html">
      %copyright
   </copyright>

   <license url="%licenseURL">
      %license
   </license>

   <url>
      <update label="%updateSiteName" url="http://rxtx.qbang.org/eclipse"/>
   </url>

   <plugin
         id="gnu.io.rxtx"
         download-size="28"
         install-size="74"
         version="2.1.7.4_v20071016"
         unpack="false"/>

   <plugin
         id="gnu.io.rxtx.linux.x86"
         os="linux"
         arch="x86"
         download-size="82"
         install-size="276"
         version="2.1.7.3_v20071015"
         fragment="true"/>

   <plugin
         id="gnu.io.rxtx.linux.x86_64"
         os="linux"
         arch="x86_64"
         download-size="96"
         install-size="304"
         version="2.1.7.3_v20071015"
         fragment="true"/>

   <plugin
         id="gnu.io.rxtx.macosx"
         os="macosx"
         download-size="109"
         install-size="388"
         version="2.1.7.3_v20071015"
         fragment="true"/>

   <plugin
         id="gnu.io.rxtx.solaris.sparc"
         os="solaris"
         arch="sparc"
         download-size="64"
         install-size="208"
         version="2.1.7.3_v20071015"
         fragment="true"/>

   <plugin
         id="gnu.io.rxtx.win32.x86"
         os="win32"
         arch="x86"
         download-size="55"
         install-size="196"
         version="2.1.7.3_v20071015"
         fragment="true"/>

</feature>
